municipality_id	municipality	max_cases	max_hospitalized	max_deaths	day_first_case	day_first_death	day_50_cases	day_10_deaths	total_cases	total_deaths
1001	Aguascalientes	201	29	16	2020-03-14	2020-04-10	2020-04-06	2020-05-06	8952	852
1005	Jesús María	9	4	4	2020-03-23	2020-05-17	2020-06-15	2020-09-05	391	29
1006	Pabellón de Arteaga	12	3	3	2020-03-23	2020-05-17	2020-06-05	2020-08-29	424	27
1007	Rincón de Romos	14	5	2	2020-03-30	2020-06-06	2020-06-01	2020-09-20	516	16
1011	San Francisco de los Romo	5	2	1	2020-04-20	2020-05-07	2020-08-09	2020-10-08	112	13
2001	Ensenada	51	13	10	2020-03-19	2020-04-07	2020-04-23	2020-05-03	4003	475
2002	Mexicali	174	38	31	2020-03-11	2020-03-30	2020-03-31	2020-04-07	11550	1777
2003	Tecate	18	6	4	2020-03-23	2020-04-08	2020-04-21	2020-04-29	864	117
2004	Tijuana	85	43	25	2020-03-03	2020-03-29	2020-03-29	2020-04-05	7845	1697
2005	Playas de Rosarito	10	3	2	2020-03-19	2020-04-03	2020-05-14	2020-05-07	437	53
3001	Comondú	21	4	3	2020-04-12	2020-05-13	2020-05-30	2020-06-24	844	58
3002	Mulegé	44	3	2	2020-04-05	2020-05-08	2020-05-25	2020-07-13	2046	82
3003	La Paz	98	12	7	2020-03-26	2020-03-29	2020-04-09	2020-04-26	6980	317
3008	Los Cabos	59	15	7	2020-03-17	2020-04-08	2020-04-03	2020-06-01	8192	438
3009	Loreto	26	2	1	2020-05-25	2020-06-19	2020-06-17	2020-09-17	661	15
4001	Calkiní	8	4	3	2020-04-03	2020-04-22	2020-06-23	2020-06-26	236	37
4002	Campeche	64	18	13	2020-03-14	2020-04-19	2020-05-04	2020-05-25	2761	362
4003	Carmen	50	12	7	2020-03-08	2020-04-06	2020-04-26	2020-04-29	2184	309
4004	Champotón	12	6	2	2020-04-15	2020-05-25	2020-06-17	2020-06-29	268	58
4009	Escárcega	27	6	3	2020-05-11	2020-06-14	2020-06-09	2020-07-09	502	38
5002	Acuña	85	13	6	2020-04-08	2020-04-14	2020-06-04	2020-06-12	1959	212
5003	Allende	19	1	1	2020-04-02	2020-07-19	2020-07-13	2020-11-15	367	11
5006	Castaños	6	2	2	2020-03-24	2020-03-31	2020-07-28	2020-09-24	189	13
5009	Francisco I. Madero	31	4	2	2020-04-11	2020-05-30	2020-05-27	2020-06-22	984	70
5010	Frontera	19	6	3	2020-03-26	2020-04-13	2020-05-26	2020-07-09	890	67
5017	Matamoros	16	4	2	2020-03-31	2020-04-06	2020-05-29	2020-06-11	799	80
5018	Monclova	126	12	8	2020-03-16	2020-03-28	2020-04-02	2020-04-10	4280	360
5020	Múzquiz	17	3	2	2020-03-30	2020-04-07	2020-06-16	2020-07-14	1920	140
5022	Nava	12	3	2	2020-04-02	2020-06-30	2020-07-06	2020-08-18	362	21
5024	Parras	51	2	3	2020-05-12	2020-06-04	2020-07-07	2020-10-05	520	24
5025	Piedras Negras	115	8	7	2020-03-30	2020-04-28	2020-05-03	2020-07-07	4065	197
5027	Ramos Arizpe	10	3	3	2020-04-02	2020-06-21	2020-07-20	2020-08-12	255	41
5028	Sabinas	29	4	3	2020-04-13	2020-06-21	2020-06-10	2020-07-06	2550	126
5030	Saltillo	134	25	16	2020-03-11	2020-04-14	2020-04-30	2020-06-06	7975	773
5031	San Buenaventura	7	2	2	2020-04-11	2020-04-20	2020-07-30	2020-09-21	209	20
5032	San Juan de Sabinas	27	4	3	2020-04-15	2020-06-07	2020-06-12	2020-07-14	1141	60
5033	San Pedro	39	7	5	2020-04-15	2020-05-15	2020-05-22	2020-06-16	1217	91
5035	Torreón	151	32	16	2020-02-28	2020-04-14	2020-04-28	2020-05-22	9238	715
6001	Armería	6	3	3	2020-05-03	2020-05-05	2020-08-12	2020-08-10	113	23
6002	Colima	27	8	6	2020-03-16	2020-05-26	2020-06-26	2020-07-19	1841	164
6003	Comala	3	2	3	2020-06-13	2020-07-24	2020-09-15	2020-09-20	77	14
6004	Coquimatlán	5	2	1	2020-05-05	2020-05-27	2020-08-13	2020-09-19	136	17
6005	Cuauhtémoc	5	2	2	2020-03-14	2020-06-27	2020-08-10	2020-09-07	159	22
6007	Manzanillo	28	9	5	2020-03-24	2020-04-13	2020-05-17	2020-05-20	1905	250
6009	Tecomán	23	8	5	2020-04-23	2020-05-29	2020-06-22	2020-07-10	1060	118
6010	Villa de Álvarez	25	7	3	2020-04-01	2020-06-06	2020-07-01	2020-07-27	1512	109
7009	Arriaga	6	3	3	2020-04-14	2020-05-19	2020-07-01	2020-07-15	70	12
7019	Comitán de Domínguez	9	6	2	2020-04-03	2020-04-29	2020-06-01	2020-06-05	288	31
7027	Chiapa de Corzo	11	3	3	2020-03-28	2020-05-12	2020-05-26	2020-06-08	163	36
7040	Huixtla	13	2	2	2020-04-15	2020-05-25	2020-06-02	2020-06-15	161	23
7057	Motozintla	4	4	2	2020-04-22	2020-04-27	2020-07-13	2020-06-19	61	19
7059	Ocosingo	5	4	2	2020-04-06	2020-04-13	2020-06-13	2020-06-03	97	22
7061	Ocozocoautla de Espinosa	5	3	2	2020-04-26	2020-05-13	2020-06-16	2020-06-26	140	30
7065	Palenque	4	2	1	2020-03-23	2020-05-05	2020-06-01	2020-07-08	154	17
7074	Reforma	5	3	2	2020-04-08	2020-05-01	2020-05-25	2020-06-14	155	28
7078	San Cristóbal de las Casas	13	7	3	2020-03-27	2020-05-09	2020-05-12	2020-05-24	404	49
7089	Tapachula	30	15	7	2020-03-23	2020-04-09	2020-05-08	2020-05-18	1267	201
7097	Tonalá	5	4	2	2020-04-10	2020-04-11	2020-06-06	2020-06-14	179	33
7101	Tuxtla Gutiérrez	76	19	11	2020-02-29	2020-04-23	2020-04-26	2020-05-18	2801	416
7106	Venustiano Carranza	5	2	2	2020-04-24	2020-05-11	2020-06-02	2020-06-11	87	22
8005	Ascensión	7	2	1	2020-04-18	2020-04-21	2020-10-08	2020-11-04	63	12
8011	Camargo	13	5	2	2020-04-13	2020-04-24	2020-09-25	2020-10-14	176	25
8017	Cuauhtémoc	19	7	4	2020-04-03	2020-04-08	2020-06-24	2020-07-14	823	99
8019	Chihuahua	127	32	14	2020-01-14	2020-04-07	2020-04-17	2020-04-24	6031	561
8021	Delicias	25	10	5	2020-04-20	2020-05-18	2020-06-06	2020-07-01	1067	120
8032	Hidalgo del Parral	46	12	6	2020-04-22	2020-05-20	2020-05-21	2020-08-20	1160	89
8036	Jiménez	9	2	2	2020-04-28	2020-06-22	2020-08-17	2020-11-05	180	14
8037	Juárez	512	65	46	2020-02-24	2020-04-03	2020-04-04	2020-04-07	14280	1783
8045	Meoqui	3	3	2	2020-04-06	2020-05-01	2020-07-08	2020-07-03	120	29
8050	Nuevo Casas Grandes	18	5	2	2020-04-30	2020-05-29	2020-07-02	2020-07-30	466	39
9002	Azcapotzalco	125	27	15	2020-03-19	2020-04-03	2020-04-04	2020-04-17	10206	911
9003	Coyoacán	147	22	9	2020-03-04	2020-03-17	2020-04-03	2020-04-15	12141	774
9004	Cuajimalpa de Morelos	87	8	4	2020-03-10	2020-03-13	2020-03-24	2020-04-22	5186	219
9005	Gustavo A. Madero	268	50	28	2020-02-27	2020-03-27	2020-03-30	2020-04-08	21919	2261
9006	Iztacalco	126	24	14	2020-03-11	2020-03-28	2020-04-03	2020-04-14	8279	766
9007	Iztapalapa	315	61	34	2020-02-27	2020-03-26	2020-03-24	2020-04-06	26259	2504
9008	La Magdalena Contreras	99	9	7	2020-03-05	2020-04-02	2020-04-12	2020-04-26	6699	227
9009	Milpa Alta	45	7	4	2020-03-23	2020-04-17	2020-04-17	2020-05-01	4194	136
9010	Álvaro Obregón	203	27	14	2020-03-03	2020-03-03	2020-03-26	2020-04-06	16219	1053
9011	Tláhuac	151	16	6	2020-03-19	2020-04-03	2020-04-14	2020-04-25	9174	359
9012	Tlalpan	205	19	11	2020-02-24	2020-03-26	2020-03-30	2020-04-14	16784	643
9013	Xochimilco	110	19	12	2020-03-21	2020-03-22	2020-04-08	2020-04-14	10207	445
9014	Benito Juárez	126	15	7	2020-03-11	2020-03-23	2020-04-01	2020-04-16	7240	426
9015	Cuauhtémoc	155	23	14	2020-03-11	2020-03-27	2020-03-31	2020-04-11	10955	890
9016	Miguel Hidalgo	117	17	9	2020-02-27	2020-03-30	2020-03-17	2020-04-21	7615	487
9017	Venustiano Carranza	134	20	10	2020-03-13	2020-03-30	2020-04-03	2020-04-15	10170	735
10005	Durango	234	18	12	2020-03-11	2020-04-25	2020-05-13	2020-05-24	9734	460
10007	Gómez Palacio	94	16	7	2020-03-17	2020-03-18	2020-05-14	2020-05-25	4438	331
10008	Guadalupe Victoria	76	3	2	2020-04-16	2020-04-21	2020-08-13	2020-09-08	267	21
10012	Lerdo	31	5	3	2020-04-08	2020-05-20	2020-06-08	2020-07-07	1295	57
10023	Pueblo Nuevo	17	2	1	2020-04-25	2020-05-01	2020-08-04	2020-10-27	424	13
10032	Santiago Papasquiaro	6	2	2	2020-05-02	2020-05-14	2020-09-18	2020-10-19	116	16
10038	Vicente Guerrero	6	2	1	2020-05-04	2020-06-15	2020-10-04	2020-10-14	112	13
11001	Abasolo	10	3	2	2020-04-03	2020-05-11	2020-07-06	2020-07-30	327	25
11002	Acámbaro	34	4	2	2020-04-12	2020-04-14	2020-06-03	2020-07-25	1323	39
11003	San Miguel de Allende	20	3	2	2020-03-26	2020-05-29	2020-06-15	2020-07-18	835	45
11004	Apaseo el Alto	10	3	2	2020-04-23	2020-06-07	2020-07-04	2020-09-30	325	19
11005	Apaseo el Grande	10	4	3	2020-04-20	2020-05-19	2020-06-23	2020-07-12	449	42
11007	Celaya	67	12	8	2020-03-23	2020-04-09	2020-05-08	2020-05-07	5321	321
11008	Manuel Doblado	14	1	3	2020-05-18	2020-06-26	2020-07-30	2020-10-06	236	17
11009	Comonfort	8	2	2	2020-04-17	2020-06-10	2020-07-04	2020-08-05	348	30
11011	Cortazar	16	4	3	2020-04-02	2020-04-22	2020-06-05	2020-06-17	887	85
11014	Dolores Hidalgo Cuna de la Independencia Nacional	23	4	3	2020-04-22	2020-05-18	2020-06-15	2020-07-11	1208	63
11015	Guanajuato	31	7	5	2020-03-21	2020-04-07	2020-06-10	2020-06-28	1888	101
11017	Irapuato	83	18	10	2020-03-15	2020-05-01	2020-05-15	2020-06-05	5433	377
11018	Jaral del Progreso	25	3	1	2020-04-28	2020-04-30	2020-07-16	2020-09-14	513	18
11020	León	266	42	25	2020-03-13	2020-04-21	2020-04-17	2020-05-16	18204	1506
11021	Moroleón	15	2	2	2020-04-08	2020-04-23	2020-07-08	2020-09-12	629	16
11023	Pénjamo	23	5	3	2020-04-15	2020-04-17	2020-06-14	2020-07-08	982	64
11025	Purísima del Rincón	13	4	3	2020-05-14	2020-05-20	2020-07-09	2020-07-21	407	28
11026	Romita	12	4	2	2020-04-06	2020-04-23	2020-05-31	2020-06-25	476	23
11027	Salamanca	49	11	4	2020-03-20	2020-04-05	2020-05-04	2020-06-06	3256	188
11028	Salvatierra	26	4	3	2020-04-18	2020-04-24	2020-06-11	2020-07-15	1142	45
11030	San Felipe	23	4	3	2020-05-04	2020-06-19	2020-07-02	2020-08-27	942	33
11031	San Francisco del Rincón	29	5	3	2020-04-30	2020-05-07	2020-06-22	2020-07-10	1144	67
11032	San José Iturbide	14	3	3	2020-05-04	2020-05-15	2020-06-26	2020-08-08	456	39
11033	San Luis de la Paz	19	4	3	2020-03-23	2020-04-26	2020-06-09	2020-06-24	1084	88
11035	Santa Cruz de Juventino Rosas	15	5	2	2020-04-18	2020-05-01	2020-05-30	2020-06-10	587	47
11037	Silao de la Victoria	40	13	7	2020-03-23	2020-04-22	2020-06-01	2020-06-08	1754	171
11042	Valle de Santiago	28	4	3	2020-03-23	2020-04-30	2020-06-21	2020-07-25	1221	51
11044	Villagrán	9	3	2	2020-04-08	2020-06-06	2020-06-21	2020-07-09	427	43
11046	Yuriria	14	2	1	2020-04-07	2020-05-03	2020-07-15	2020-10-30	541	11
12001	Acapulco de Juárez	174	32	21	2020-03-13	2020-03-28	2020-04-12	2020-04-27	10191	1154
12011	Atoyac de Álvarez	15	3	2	2020-04-23	2020-05-02	2020-06-29	2020-06-23	314	29
12012	Ayutla de los Libres	8	2	2	2020-04-22	2020-05-20	2020-07-02	2020-07-17	144	13
12021	Coyuca de Benítez	12	2	2	2020-04-12	2020-04-21	2020-07-12	2020-06-12	155	25
12028	Chilapa de Álvarez	12	3	2	2020-04-10	2020-04-19	2020-06-16	2020-06-07	292	34
12029	Chilpancingo de los Bravo	74	10	6	2020-03-13	2020-04-04	2020-04-30	2020-05-09	4385	262
12034	Huitzuco de los Figueroa	5	3	2	2020-05-18	2020-05-21	2020-09-19	2020-07-27	92	20
12035	Iguala de la Independencia	12	8	6	2020-04-07	2020-04-13	2020-05-05	2020-04-28	509	123
12038	Zihuatanejo de Azueta	93	5	8	2020-04-13	2020-06-03	2020-06-09	2020-06-19	1496	117
12046	Ometepec	12	5	3	2020-05-21	2020-06-03	2020-06-22	2020-07-06	453	36
12048	Petatlán	22	2	2	2020-05-01	2020-05-22	2020-07-24	2020-08-25	216	22
12050	Pungarabato	16	11	2	2020-04-24	2020-04-27	2020-06-02	2020-06-08	302	46
12055	Taxco de Alarcón	6	4	3	2020-03-17	2020-04-15	2020-05-18	2020-05-07	246	82
12057	Técpan de Galeana	12	2	4	2020-05-15	2020-06-08	2020-07-23	2020-07-26	161	23
12058	Teloloapan	5	3	2	2020-04-24	2020-05-04	2020-08-10	2020-08-16	95	17
12061	Tixtla de Guerrero	21	3	2	2020-03-27	2020-05-06	2020-06-18	2020-08-13	661	23
12066	Tlapa de Comonfort	7	5	5	2020-03-22	2020-03-22	2020-05-27	2020-05-25	366	50
12075	Eduardo Neri	5	3	2	2020-04-29	2020-05-13	2020-06-16	2020-06-01	210	32
13003	Actopan	6	4	3	2020-04-06	2020-05-04	2020-06-14	2020-06-10	280	59
13005	Ajacuba	5	2	1	2020-05-13	2020-05-28	2020-08-29	2020-08-25	91	18
13008	Apan	13	4	2	2020-04-22	2020-04-26	2020-05-21	2020-06-09	464	61
13010	Atitalaquia	6	3	2	2020-04-28	2020-04-30	2020-06-15	2020-06-13	225	47
13013	Atotonilco de Tula	5	3	2	2020-03-20	2020-04-14	2020-06-19	2020-06-16	206	50
13016	Cuautepec de Hinojosa	4	3	3	2020-04-22	2020-05-07	2020-07-16	2020-07-01	143	40
13022	Epazoyucan	4	2	2	2020-04-04	2020-05-25	2020-09-11	2020-07-24	93	20
13023	Francisco I. Madero	7	4	3	2020-04-10	2020-05-23	2020-08-12	2020-07-30	148	42
13028	Huejutla de Reyes	12	5	4	2020-03-27	2020-04-26	2020-06-01	2020-06-04	539	86
13030	Ixmiquilpan	7	5	3	2020-05-02	2020-05-12	2020-07-01	2020-06-19	358	65
13039	Mineral del Monte	5	2	1	2020-04-01	2020-04-14	2020-08-15	2020-08-25	97	16
13041	Mixquiahuala de Juárez	6	4	3	2020-04-20	2020-04-30	2020-07-07	2020-07-21	273	53
13048	Pachuca de Soto	45	12	6	2020-02-27	2020-03-27	2020-04-21	2020-04-22	3879	400
13050	Progreso de Obregón	4	2	2	2020-04-29	2020-05-10	2020-07-30	2020-08-11	130	28
13051	Mineral de la Reforma	22	5	4	2020-03-17	2020-04-08	2020-05-11	2020-05-18	1715	140
13052	San Agustín Tlaxiaca	8	3	2	2020-03-26	2020-04-08	2020-06-13	2020-06-08	192	47
13054	San Salvador	4	3	2	2020-04-23	2020-04-25	2020-07-30	2020-07-25	133	33
13056	Santiago Tulantepec de Lugo Guerrero	5	3	2	2020-04-24	2020-04-26	2020-07-12	2020-07-16	173	31
13061	Tepeapulco	13	4	3	2020-04-13	2020-05-04	2020-05-26	2020-05-21	595	77
13063	Tepeji del Río de Ocampo	15	7	3	2020-03-31	2020-04-25	2020-05-22	2020-05-22	609	99
13067	Tezontepec de Aldama	7	4	3	2020-04-10	2020-04-19	2020-06-06	2020-05-05	294	59
13069	Tizayuca	27	7	6	2020-03-24	2020-04-21	2020-05-03	2020-05-10	1256	164
13070	Tlahuelilpan	5	3	2	2020-04-15	2020-05-16	2020-08-21	2020-08-24	105	20
13072	Tlanalapa	4	2	3	2020-04-12	2020-05-18	2020-07-22	2020-07-29	109	17
13074	Tlaxcoapan	6	4	3	2020-04-17	2020-04-20	2020-07-05	2020-06-23	233	44
13076	Tula de Allende	12	6	5	2020-04-06	2020-04-23	2020-05-19	2020-05-12	817	141
13077	Tulancingo de Bravo	24	9	5	2020-03-20	2020-04-30	2020-05-16	2020-05-16	1219	194
13081	Zacualtipán de Ángeles	5	3	2	2020-04-14	2020-04-29	2020-08-13	2020-08-15	106	18
13082	Zapotlán de Juárez	4	3	2	2020-04-23	2020-04-28	2020-07-09	2020-07-25	140	34
13083	Zempoala	10	4	2	2020-03-31	2020-05-03	2020-06-09	2020-07-10	393	48
14002	Acatlán de Juárez	3	3	2	2020-05-11	2020-06-17	2020-09-01	2020-09-11	72	13
14003	Ahualulco de Mercado	4	3	2	2020-05-04	2020-06-17	2020-09-25	2020-08-03	79	21
14006	Ameca	10	5	2	2020-03-26	2020-05-30	2020-08-02	2020-08-07	202	35
14008	Arandas	4	3	1	2020-05-07	2020-07-04	2020-08-16	2020-10-04	100	15
14013	Atotonilco el Alto	15	2	2	2020-05-27	2020-06-26	2020-07-20	2020-10-17	495	15
14015	Autlán de Navarro	13	4	2	2020-04-26	2020-06-09	2020-06-27	2020-07-22	356	43
14018	La Barca	10	4	3	2020-04-15	2020-04-19	2020-06-16	2020-07-02	308	50
14022	Cihuatlán	4	4	2	2020-05-10	2020-05-15	2020-07-20	2020-07-19	114	32
14023	Zapotlán el Grande	17	5	4	2020-05-06	2020-05-28	2020-06-05	2020-07-07	987	94
14030	Chapala	8	1	1	2020-05-29	2020-06-06	2020-09-08	2020-10-11	210	24
14035	Encarnación de Díaz	7	2	2	2020-05-15	2020-06-12	2020-09-28	2020-10-23	91	15
14039	Guadalajara	141	37	19	2020-03-11	2020-03-20	2020-04-03	2020-05-02	12580	1657
14044	Ixtlahuacán de los Membrillos	7	3	1	2020-04-30	2020-05-15	2020-09-03	2020-09-19	116	15
14050	Jocotepec	6	3	1	2020-05-05	2020-06-06	2020-08-26	2020-11-01	118	11
14053	Lagos de Moreno	21	7	5	2020-03-23	2020-06-14	2020-06-20	2020-07-11	611	89
14063	Ocotlán	11	4	3	2020-04-08	2020-04-21	2020-05-31	2020-06-25	380	72
14066	Poncitlán	5	2	2	2020-04-21	2020-05-09	2020-07-31	2020-09-03	107	19
14067	Puerto Vallarta	36	10	7	2020-03-13	2020-03-31	2020-04-24	2020-05-11	2498	293
14070	El Salto	17	5	3	2020-04-30	2020-05-05	2020-05-25	2020-06-12	538	79
14073	San Juan de los Lagos	16	2	2	2020-03-31	2020-06-11	2020-05-31	2020-08-05	301	17
14082	Sayula	4	2	1	2020-05-22	2020-06-06	2020-09-07	2020-08-25	78	11
14083	Tala	7	5	2	2020-05-29	2020-06-07	2020-06-26	2020-07-03	331	50
14085	Tamazula de Gordiano	19	3	3	2020-05-19	2020-07-07	2020-07-29	2020-09-06	344	19
14093	Tepatitlán de Morelos	21	4	2	2020-04-19	2020-05-10	2020-06-17	2020-08-09	760	42
14094	Tequila	2	2	2	2020-04-08	2020-04-11	2020-10-15	2020-10-18	55	14
14097	Tlajomulco de Zúñiga	23	15	5	2020-03-22	2020-04-20	2020-05-20	2020-06-03	1731	217
14098	San Pedro Tlaquepaque	29	14	6	2020-04-02	2020-05-04	2020-05-15	2020-06-01	2504	347
14101	Tonalá	29	9	5	2020-03-31	2020-04-05	2020-05-06	2020-05-29	2130	242
14108	Tuxpan	6	4	2	2020-04-03	2020-06-16	2020-08-04	2020-08-11	157	35
14120	Zapopan	85	17	10	2020-03-12	2020-03-26	2020-03-30	2020-05-25	6532	573
14121	Zapotiltic	4	3	1	2020-04-04	2020-06-14	2020-08-12	2020-09-25	101	14
14124	Zapotlanejo	7	2	1	2020-05-01	2020-07-05	2020-07-24	2020-11-12	94	11
15002	Acolman	26	16	2	2020-03-30	2020-05-02	2020-05-12	2020-05-29	904	78
15005	Almoloya de Juárez	12	6	3	2020-04-03	2020-04-17	2020-05-21	2020-05-22	561	79
15006	Almoloya del Río	4	2	2	2020-05-06	2020-05-17	2020-07-13	2020-08-12	92	15
15009	Amecameca	7	5	1	2020-04-05	2020-04-21	2020-05-19	2020-07-05	323	28
15010	Apaxco	4	3	2	2020-04-16	2020-05-26	2020-07-22	2020-07-12	106	38
15011	Atenco	7	4	2	2020-04-02	2020-04-24	2020-06-12	2020-06-03	291	50
15012	Atizapán	10	6	3	2020-03-19	2020-04-07	2020-05-29	2020-06-02	333	81
15013	Atizapán de Zaragoza	31	17	7	2020-03-13	2020-03-28	2020-04-09	2020-04-19	2737	410
15014	Atlacomulco	35	7	3	2020-04-01	2020-04-13	2020-05-19	2020-05-28	1033	76
15016	Axapusco	9	2	2	2020-04-16	2020-04-17	2020-06-24	2020-07-21	233	14
15018	Calimaya	12	4	3	2020-03-27	2020-05-01	2020-05-29	2020-06-06	322	46
15019	Capulhuac	7	4	1	2020-04-12	2020-04-21	2020-06-09	2020-06-16	212	31
15020	Coacalco de Berriozábal	27	11	7	2020-03-23	2020-04-10	2020-04-19	2020-04-27	2029	291
15023	Coyotepec	7	4	3	2020-04-12	2020-04-17	2020-05-31	2020-06-06	270	54
15024	Cuautitlán	31	13	4	2020-03-12	2020-04-07	2020-04-15	2020-04-27	2052	224
15025	Chalco	63	23	11	2020-03-08	2020-04-05	2020-04-10	2020-04-19	3821	576
15027	Chapultepec	5	3	3	2020-04-24	2020-06-02	2020-07-03	2020-07-15	97	17
15028	Chiautla	4	2	2	2020-04-02	2020-05-11	2020-07-06	2020-08-22	114	20
15029	Chicoloapan	13	6	3	2020-03-23	2020-04-21	2020-04-25	2020-05-04	892	137
15030	Chiconcuac	4	3	1	2020-04-16	2020-05-15	2020-07-16	2020-10-12	107	12
15031	Chimalhuacán	36	22	11	2020-03-19	2020-04-06	2020-04-12	2020-04-15	3026	548
15033	Ecatepec de Morelos	126	51	26	2020-03-03	2020-03-28	2020-04-03	2020-04-14	12200	1981
15035	Huehuetoca	10	7	3	2020-03-29	2020-05-09	2020-05-15	2020-06-03	573	73
15036	Hueypoxtla	10	3	2	2020-04-02	2020-05-01	2020-06-17	2020-06-25	177	34
15037	Huixquilucan	25	9	4	2020-03-04	2020-03-28	2020-03-31	2020-05-13	2090	158
15039	Ixtapaluca	37	16	10	2020-03-15	2020-04-03	2020-04-13	2020-04-22	3282	440
15042	Ixtlahuaca	11	7	8	2020-03-16	2020-04-12	2020-05-03	2020-04-26	1238	274
15043	Xalatlaco	6	3	2	2020-04-11	2020-04-18	2020-06-08	2020-06-14	156	21
15044	Jaltenco	5	3	2	2020-04-08	2020-05-13	2020-07-10	2020-06-29	106	29
15051	Lerma	17	9	5	2020-03-13	2020-04-26	2020-05-10	2020-05-21	980	148
15053	Melchor Ocampo	9	6	4	2020-03-27	2020-04-23	2020-05-20	2020-06-07	406	55
15054	Metepec	33	12	6	2020-03-13	2020-04-09	2020-04-30	2020-05-15	1992	259
15055	Mexicaltzingo	6	5	1	2020-05-04	2020-05-08	2020-06-29	2020-07-14	120	20
15057	Naucalpan de Juárez	85	53	17	2020-03-09	2020-04-03	2020-04-01	2020-04-18	7504	1017
15058	Nezahualcóyotl	109	45	20	2020-03-04	2020-03-28	2020-03-26	2020-04-09	10040	1501
15059	Nextlalpan	5	3	2	2020-04-01	2020-04-28	2020-06-18	2020-07-04	166	26
15060	Nicolás Romero	23	14	7	2020-03-22	2020-03-31	2020-04-13	2020-04-25	2070	318
15062	Ocoyoacac	9	6	4	2020-04-10	2020-04-15	2020-05-30	2020-06-15	407	66
15065	Otumba	8	2	3	2020-04-06	2020-04-25	2020-06-09	2020-06-04	245	33
15067	Otzolotepec	9	6	3	2020-04-09	2020-04-25	2020-06-01	2020-06-04	309	45
15068	Ozumba	6	3	1	2020-04-13	2020-04-28	2020-07-05	2020-10-25	156	11
15070	La Paz	17	9	5	2020-03-15	2020-03-18	2020-04-20	2020-04-24	1382	270
15072	Rayón	4	2	2	2020-04-06	2020-05-03	2020-06-23	2020-07-12	91	14
15073	San Antonio la Isla	9	3	2	2020-04-03	2020-04-18	2020-06-16	2020-06-22	181	29
15074	San Felipe del Progreso	11	4	2	2020-04-05	2020-04-13	2020-05-26	2020-05-14	330	53
15075	San Martín de las Pirámides	8	2	2	2020-04-24	2020-06-13	2020-06-29	2020-09-18	177	15
15076	San Mateo Atenco	13	6	4	2020-03-27	2020-05-12	2020-05-21	2020-05-25	577	90
15081	Tecámac	36	15	7	2020-03-19	2020-03-31	2020-04-13	2020-04-24	2791	429
15082	Tejupilco	13	4	2	2020-04-24	2020-05-04	2020-06-08	2020-06-19	545	42
15084	Temascalapa	5	3	2	2020-04-15	2020-05-04	2020-06-22	2020-06-13	190	30
15085	Temascalcingo	16	3	2	2020-04-27	2020-04-29	2020-06-16	2020-06-14	233	23
15087	Temoaya	9	4	2	2020-04-16	2020-04-19	2020-05-26	2020-05-20	314	33
15088	Tenancingo	19	6	4	2020-04-07	2020-04-24	2020-06-02	2020-05-27	483	63
15090	Tenango del Valle	10	5	3	2020-04-05	2020-04-18	2020-05-21	2020-06-01	479	65
15091	Teoloyucan	11	6	3	2020-04-06	2020-04-14	2020-05-21	2020-05-25	370	70
15092	Teotihuacán	12	4	3	2020-04-12	2020-04-15	2020-05-27	2020-05-29	553	69
15094	Tepetlixpa	3	2	1	2020-04-19	2020-04-20	2020-08-25	2020-09-18	73	11
15095	Tepotzotlán	9	5	2	2020-03-25	2020-04-17	2020-05-19	2020-05-21	298	59
15096	Tequixquiac	6	4	2	2020-04-19	2020-05-19	2020-07-02	2020-06-29	124	29
15099	Texcoco	18	9	5	2020-03-16	2020-04-08	2020-04-23	2020-04-26	1270	238
15100	Tezoyuca	7	4	3	2020-03-31	2020-04-19	2020-06-04	2020-07-08	233	41
15101	Tianguistenco	8	5	3	2020-03-27	2020-05-05	2020-05-28	2020-05-28	357	56
15103	Tlalmanalco	8	5	2	2020-03-20	2020-04-24	2020-05-15	2020-06-18	400	22
15104	Tlalnepantla de Baz	68	20	11	2020-02-28	2020-04-02	2020-04-04	2020-04-17	5853	822
15106	Toluca	110	33	16	2020-03-19	2020-04-05	2020-04-15	2020-04-27	8351	981
15108	Tultepec	13	7	3	2020-03-24	2020-03-29	2020-05-03	2020-05-06	937	123
15109	Tultitlán	39	18	9	2020-03-05	2020-04-01	2020-04-14	2020-04-19	3029	556
15110	Valle de Bravo	18	3	3	2020-04-07	2020-04-20	2020-05-29	2020-06-17	361	27
15115	Xonacatlán	10	6	3	2020-03-23	2020-04-19	2020-05-18	2020-05-20	431	67
15118	Zinacantepec	17	9	5	2020-04-04	2020-04-15	2020-05-12	2020-05-12	1012	169
15120	Zumpango	23	11	6	2020-04-01	2020-04-08	2020-04-28	2020-04-30	1295	216
15121	Cuautitlán Izcalli	25	12	8	2020-03-02	2020-03-30	2020-04-12	2020-04-19	2413	457
15122	Valle de Chalco Solidaridad	14	13	11	2020-03-29	2020-04-03	2020-04-19	2020-04-22	1143	220
16006	Apatzingán	30	5	3	2020-04-20	2020-04-30	2020-05-14	2020-05-21	839	63
16009	Ario	12	2	2	2020-03-29	2020-06-02	2020-07-29	2020-09-24	320	18
16022	Charo	22	2	1	2020-05-14	2020-07-13	2020-08-14	2020-10-16	157	13
16034	Hidalgo	13	4	2	2020-04-24	2020-05-14	2020-07-03	2020-08-26	410	23
16038	Huetamo	41	4	3	2020-04-28	2020-04-29	2020-06-07	2020-06-16	727	47
16043	Jacona	7	3	2	2020-04-27	2020-06-16	2020-07-02	2020-08-23	186	17
16050	Maravatío	12	2	1	2020-04-23	2020-06-14	2020-06-17	2020-09-16	414	15
16052	Lázaro Cárdenas	69	12	7	2020-03-25	2020-03-26	2020-04-18	2020-04-23	9962	588
16053	Morelia	89	21	10	2020-03-18	2020-04-03	2020-04-28	2020-05-17	6445	462
16055	Múgica	22	6	5	2020-05-04	2020-05-14	2020-06-01	2020-06-04	425	58
16065	Paracho	6	6	3	2020-04-21	2020-06-10	2020-06-24	2020-07-17	224	33
16066	Pátzcuaro	23	5	3	2020-04-03	2020-04-03	2020-06-22	2020-07-12	965	67
16069	La Piedad	18	4	3	2020-03-23	2020-04-13	2020-06-12	2020-07-08	868	50
16071	Puruándiro	5	3	1	2020-04-28	2020-05-24	2020-08-16	2020-08-30	157	17
16075	Los Reyes	9	3	2	2020-06-03	2020-06-23	2020-07-27	2020-08-17	200	29
16076	Sahuayo	12	3	1	2020-04-13	2020-04-18	2020-08-19	2020-09-17	400	34
16082	Tacámbaro	16	2	2	2020-04-24	2020-05-08	2020-08-11	2020-08-03	266	43
16088	Tarímbaro	10	4	3	2020-04-19	2020-06-12	2020-06-29	2020-07-26	361	35
16102	Uruapan	37	10	6	2020-03-23	2020-04-14	2020-05-18	2020-05-27	2494	237
16107	Zacapu	9	3	3	2020-05-11	2020-05-31	2020-07-24	2020-08-05	350	41
16108	Zamora	23	7	3	2020-04-14	2020-04-24	2020-06-08	2020-06-18	860	83
16110	Zinapécuaro	12	3	1	2020-04-21	2020-06-06	2020-07-17	2020-09-24	190	17
16112	Zitácuaro	20	4	3	2020-04-10	2020-04-15	2020-05-27	2020-05-21	729	80
17003	Axochiapan	5	5	2	2020-05-02	2020-05-04	2020-06-26	2020-06-14	127	42
17004	Ayala	9	4	2	2020-04-13	2020-05-02	2020-05-28	2020-06-01	321	41
17006	Cuautla	17	7	8	2020-03-09	2020-04-16	2020-04-29	2020-05-02	1113	169
17007	Cuernavaca	26	18	9	2020-03-14	2020-03-29	2020-04-19	2020-04-21	2031	315
17008	Emiliano Zapata	7	5	2	2020-03-31	2020-04-21	2020-05-25	2020-05-20	247	37
17011	Jiutepec	15	8	4	2020-04-06	2020-04-14	2020-05-04	2020-05-09	759	116
17012	Jojutla	10	4	4	2020-04-03	2020-04-07	2020-05-08	2020-05-05	276	55
17017	Puente de Ixtla	7	5	3	2020-04-07	2020-04-08	2020-05-11	2020-05-06	448	122
17018	Temixco	5	4	3	2020-03-21	2020-04-01	2020-05-12	2020-05-02	284	64
17020	Tepoztlán	4	2	2	2020-04-06	2020-04-20	2020-07-17	2020-07-30	108	17
17024	Tlaltizapán de Zapata	5	3	2	2020-04-09	2020-04-28	2020-05-30	2020-05-16	147	38
17025	Tlaquiltenango	5	3	2	2020-04-01	2020-04-06	2020-07-02	2020-06-09	104	25
17026	Tlayacapan	4	4	3	2020-04-23	2020-04-26	2020-07-14	2020-07-24	107	26
17028	Xochitepec	5	5	2	2020-04-09	2020-04-13	2020-05-21	2020-05-09	198	43
17029	Yautepec	7	3	2	2020-03-17	2020-03-28	2020-06-02	2020-05-26	268	42
17030	Yecapixtla	6	3	2	2020-04-08	2020-04-24	2020-06-12	2020-06-22	153	21
17031	Zacatepec	10	3	3	2020-04-18	2020-04-22	2020-05-20	2020-05-13	256	52
18001	Acaponeta	9	3	2	2020-03-24	2020-03-30	2020-06-23	2020-06-25	174	40
18004	Compostela	6	5	2	2020-04-19	2020-05-16	2020-06-14	2020-06-23	726	114
18006	Ixtlán del Río	5	3	2	2020-04-09	2020-05-30	2020-07-01	2020-09-03	111	14
18008	Xalisco	11	3	2	2020-04-16	2020-05-10	2020-06-23	2020-07-31	317	32
18010	Rosamorada	5	4	2	2020-04-24	2020-05-04	2020-07-06	2020-07-26	171	33
18011	Ruíz	3	3	2	2020-05-09	2020-06-27	2020-09-03	2020-09-08	71	18
18015	Santiago Ixcuintla	15	7	4	2020-03-31	2020-04-08	2020-06-12	2020-06-21	604	87
18016	Tecuala	6	4	3	2020-04-04	2020-05-11	2020-06-25	2020-06-09	169	56
18017	Tepic	59	14	8	2020-03-18	2020-04-08	2020-04-27	2020-05-15	3690	332
18018	Tuxpan	10	3	2	2020-04-07	2020-04-09	2020-06-27	2020-06-21	245	51
18020	Bahía de Banderas	15	5	3	2020-03-23	2020-04-08	2020-05-25	2020-06-09	737	92
19004	Allende	18	2	1	2020-04-26	2020-04-27	2020-07-01	2020-10-16	635	11
19006	Apodaca	80	18	10	2020-03-17	2020-04-16	2020-04-29	2020-05-21	6171	497
19009	Cadereyta Jiménez	22	7	3	2020-04-10	2020-04-29	2020-06-19	2020-07-11	645	64
19010	El Carmen	8	4	2	2020-04-06	2020-05-19	2020-06-30	2020-07-25	273	25
19012	Ciénega de Flores	9	4	2	2020-05-04	2020-05-20	2020-07-05	2020-08-01	267	29
19018	García	42	6	4	2020-03-27	2020-05-11	2020-05-28	2020-07-08	2770	92
19019	San Pedro Garza García	16	6	2	2020-03-10	2020-04-03	2020-05-10	2020-07-15	937	39
19021	General Escobedo	55	12	6	2020-03-26	2020-04-07	2020-05-10	2020-06-04	3778	320
19025	General Zuazua	8	3	2	2020-04-25	2020-06-21	2020-07-02	2020-07-28	358	32
19026	Guadalupe	103	26	12	2020-03-17	2020-05-09	2020-04-30	2020-05-17	7853	707
19031	Juárez	37	8	4	2020-04-03	2020-04-20	2020-05-08	2020-05-30	2226	142
19033	Linares	25	3	2	2020-04-14	2020-06-12	2020-06-10	2020-08-10	926	39
19038	Montemorelos	24	4	1	2020-04-24	2020-05-15	2020-06-12	2020-08-27	769	18
19039	Monterrey	228	41	20	2020-03-11	2020-04-05	2020-04-12	2020-05-03	19145	1367
19041	Pesquería	12	8	2	2020-04-08	2020-04-27	2020-06-21	2020-07-02	590	59
19044	Sabinas Hidalgo	23	3	2	2020-04-14	2020-06-26	2020-06-16	2020-09-07	837	23
19045	Salinas Victoria	11	3	2	2020-03-24	2020-06-28	2020-06-22	2020-08-31	479	25
19046	San Nicolás de los Garza	87	19	9	2020-01-13	2020-04-03	2020-05-13	2020-06-03	5326	497
19047	Hidalgo	3	3	2	2020-05-25	2020-06-06	2020-11-09	2020-10-17	52	15
19048	Santa Catarina	72	9	5	2020-03-28	2020-05-18	2020-05-20	2020-06-12	4621	237
19049	Santiago	29	3	2	2020-05-01	2020-05-13	2020-06-19	2020-08-28	840	20
20014	Ciudad Ixtepec	5	2	2	2020-05-27	2020-06-10	2020-07-16	2020-07-26	92	21
20039	Heroica Ciudad de Huajuapan de León	33	5	2	2020-04-12	2020-04-17	2020-06-08	2020-06-13	833	59
20043	Juchitán de Zaragoza	18	4	3	2020-03-30	2020-04-14	2020-06-22	2020-06-26	411	63
20057	Matías Romero Avendaño	6	2	3	2020-05-04	2020-06-03	2020-07-12	2020-08-03	143	15
20059	Miahuatlán de Porfirio Díaz	15	2	2	2020-05-09	2020-05-27	2020-06-29	2020-07-14	297	21
20067	Oaxaca de Juárez	75	15	8	2020-03-13	2020-04-16	2020-05-05	2020-05-15	6585	358
20068	Ocotlán de Morelos	8	1	1	2020-04-22	2020-05-09	2020-06-17	2020-09-12	226	13
20079	Salina Cruz	17	8	5	2020-04-23	2020-05-12	2020-06-01	2020-06-18	697	109
20103	San Antonino Castillo Velasco	4	1	1	2020-04-27	2020-05-06	2020-08-08	2020-08-06	56	11
20107	San Antonio de la Cal	7	3	3	2020-03-23	2020-04-29	2020-05-27	2020-05-25	370	40
20150	San Francisco Telixtlahuaca	5	2	2	2020-05-12	2020-05-30	2020-08-10	2020-09-26	101	11
20157	San Jacinto Amilpas	7	2	2	2020-04-17	2020-05-02	2020-06-06	2020-08-20	317	16
20184	San Juan Bautista Tuxtepec	41	30	8	2020-04-16	2020-04-21	2020-05-13	2020-05-13	1423	212
20293	San Pablo Etla	10	4	1	2020-04-28	2020-06-13	2020-06-18	2020-10-17	260	11
20294	San Pablo Huitzo	4	4	1	2020-04-06	2020-05-14	2020-09-15	2020-10-12	69	12
20318	San Pedro Mixtepec	7	2	2	2020-04-14	2020-06-09	2020-06-27	2020-08-07	234	21
20338	Villa de Etla	8	2	2	2020-04-22	2020-05-21	2020-07-12	2020-11-14	171	11
20350	San Sebastián Tutla	6	2	1	2020-05-05	2020-05-26	2020-06-10	2020-08-22	375	12
20385	Santa Cruz Xoxocotlán	21	7	4	2020-03-29	2020-05-04	2020-05-16	2020-05-24	1460	95
20390	Santa Lucía del Camino	17	4	3	2020-03-22	2020-05-17	2020-05-24	2020-06-08	1061	50
20397	Heroica Ciudad de Tlaxiaco	4	2	2	2020-04-15	2020-06-10	2020-08-11	2020-09-13	137	24
20399	Santa María Atzompa	10	2	2	2020-03-27	2020-03-29	2020-05-19	2020-05-30	478	24
20409	Santa María del Tule	5	2	1	2020-03-21	2020-05-22	2020-06-29	2020-09-11	173	13
20413	Santa María Huatulco	11	4	2	2020-04-01	2020-04-11	2020-07-25	2020-08-30	224	17
20482	Santiago Pinotepa Nacional	5	3	1	2020-05-01	2020-05-15	2020-06-29	2020-07-21	161	14
20515	Santo Domingo Tehuantepec	9	5	3	2020-05-03	2020-05-04	2020-06-21	2020-06-29	310	44
20565	Villa de Zaachila	12	2	2	2020-04-22	2020-05-06	2020-05-31	2020-06-27	515	27
21001	Acajete	4	2	2	2020-04-21	2020-04-28	2020-06-29	2020-06-18	108	25
21003	Acatlán	5	3	1	2020-04-24	2020-06-27	2020-07-27	2020-08-06	148	21
21004	Acatzingo	5	3	1	2020-04-20	2020-05-08	2020-07-10	2020-08-04	100	11
21010	Ajalpan	2	2	2	2020-04-22	2020-04-26	2020-10-13	2020-07-22	54	19
21015	Amozoc	8	4	2	2020-03-31	2020-04-28	2020-06-02	2020-05-31	285	56
21019	Atlixco	11	6	4	2020-03-26	2020-03-31	2020-05-29	2020-05-15	586	115
21034	Coronango	4	2	1	2020-03-25	2020-04-05	2020-07-18	2020-07-11	121	20
21041	Cuautlancingo	13	4	3	2020-03-14	2020-04-01	2020-06-03	2020-06-01	537	60
21045	Chalchicomula de Sesma	14	3	2	2020-03-22	2020-05-18	2020-07-03	2020-07-16	181	21
21048	Chiautzingo	3	1	2	2020-03-26	2020-05-18	2020-08-31	2020-07-06	63	17
21051	Chietla	4	4	1	2020-03-24	2020-05-13	2020-07-23	2020-07-28	103	23
21053	Chignahuapan	8	3	4	2020-04-08	2020-05-15	2020-07-03	2020-07-28	243	32
21054	Chignautla	3	2	1	2020-04-24	2020-06-18	2020-08-26	2020-10-10	90	12
21071	Huauchinango	19	4	4	2020-04-18	2020-05-01	2020-05-25	2020-05-17	1072	164
21074	Huejotzingo	14	4	3	2020-03-17	2020-04-17	2020-05-24	2020-06-05	577	80
21085	Izúcar de Matamoros	5	2	2	2020-03-23	2020-04-05	2020-06-01	2020-07-03	243	36
21090	Juan C. Bonilla	3	2	1	2020-04-28	2020-05-07	2020-10-22	2020-11-04	56	11
21094	Libres	4	2	1	2020-04-26	2020-04-27	2020-08-06	2020-10-31	74	11
21106	Ocoyucan	5	3	2	2020-04-02	2020-04-05	2020-06-18	2020-06-03	112	35
21114	Puebla	346	80	38	2020-02-22	2020-03-27	2020-03-27	2020-04-07	24018	2588
21119	San Andrés Cholula	22	6	4	2020-03-12	2020-04-09	2020-04-29	2020-05-05	1105	120
21132	San Martín Texmelucan	20	10	6	2020-04-15	2020-04-25	2020-05-16	2020-05-09	922	165
21140	San Pedro Cholula	15	4	3	2020-03-15	2020-04-07	2020-05-11	2020-05-18	752	97
21142	San Salvador el Seco	5	3	2	2020-04-11	2020-04-13	2020-06-29	2020-07-04	143	16
21143	San Salvador el Verde	6	3	2	2020-04-17	2020-04-26	2020-07-15	2020-07-11	120	26
21154	Tecamachalco	12	7	4	2020-04-18	2020-04-20	2020-06-18	2020-06-24	332	61
21156	Tehuacán	33	14	10	2020-03-16	2020-03-28	2020-05-16	2020-05-25	1520	328
21164	Tepeaca	8	4	2	2020-04-13	2020-05-01	2020-06-08	2020-06-13	298	47
21174	Teziutlán	32	5	4	2020-03-18	2020-04-19	2020-06-27	2020-07-08	803	87
21197	Xicotepec	5	3	1	2020-04-13	2020-05-14	2020-06-29	2020-07-16	192	34
21199	Xiutetelco	3	2	2	2020-04-27	2020-04-29	2020-08-24	2020-08-30	59	14
21207	Zacapoaxtla	4	3	2	2020-04-20	2020-04-26	2020-07-14	2020-07-18	127	23
21208	Zacatlán	8	4	2	2020-04-27	2020-05-27	2020-07-08	2020-07-14	280	34
22006	Corregidora	38	4	2	2020-03-12	2020-04-27	2020-05-18	2020-06-28	1175	55
22011	El Marqués	17	6	3	2020-03-17	2020-03-28	2020-05-29	2020-06-03	829	91
22014	Querétaro	236	31	13	2020-02-10	2020-04-02	2020-04-10	2020-05-04	12954	863
22016	San Juan del Río	20	6	3	2020-03-19	2020-05-11	2020-05-14	2020-05-26	1187	136
22017	Tequisquiapan	6	3	2	2020-04-07	2020-05-21	2020-08-02	2020-07-04	133	23
23001	Cozumel	14	7	3	2020-03-24	2020-03-28	2020-05-29	2020-05-28	479	99
23002	Felipe Carrillo Puerto	13	3	3	2020-04-15	2020-04-18	2020-06-30	2020-07-06	368	54
23003	Isla Mujeres	10	2	1	2020-03-26	2020-04-26	2020-07-10	2020-08-23	223	20
23004	Othón P. Blanco	78	12	8	2020-03-25	2020-04-03	2020-05-20	2020-05-19	3607	216
23005	Benito Juárez	83	27	18	2020-03-12	2020-03-26	2020-03-30	2020-04-09	6520	1201
23008	Solidaridad	34	11	5	2020-03-11	2020-03-31	2020-04-10	2020-04-16	1715	210
23009	Tulum	8	2	2	2020-03-26	2020-04-07	2020-06-24	2020-08-10	278	20
24011	Ciudad Fernández	10	2	2	2020-04-04	2020-04-06	2020-07-06	2020-08-06	316	27
24013	Ciudad Valles	100	10	8	2020-04-18	2020-05-17	2020-05-13	2020-06-06	3295	207
24020	Matehuala	45	5	4	2020-03-29	2020-06-08	2020-06-19	2020-07-22	1435	66
24024	Rioverde	21	3	3	2020-05-04	2020-06-03	2020-06-11	2020-07-20	839	58
24025	Salinas	7	2	2	2020-05-28	2020-06-20	2020-07-22	2020-08-03	139	23
24028	San Luis Potosí	212	36	23	2020-03-13	2020-03-24	2020-04-09	2020-05-16	17716	1195
24035	Soledad de Graciano Sánchez	43	9	8	2020-03-27	2020-04-30	2020-05-16	2020-06-16	2738	227
24037	Tamazunchale	37	5	3	2020-03-27	2020-05-16	2020-05-15	2020-06-08	1198	79
24040	Tamuín	12	2	2	2020-05-06	2020-06-11	2020-07-07	2020-07-18	221	24
25001	Ahome	54	20	13	2020-03-13	2020-04-01	2020-04-16	2020-04-25	6120	1446
25006	Culiacán	109	31	16	2020-01-29	2020-03-26	2020-03-30	2020-04-04	9502	1370
25008	Elota	3	2	2	2020-03-24	2020-04-02	2020-09-02	2020-08-09	64	16
25009	Escuinapa	10	5	3	2020-04-06	2020-04-19	2020-06-02	2020-06-06	318	58
25011	Guasave	86	17	12	2020-03-19	2020-04-09	2020-05-04	2020-05-14	9312	1329
25012	Mazatlán	52	17	10	2020-03-23	2020-04-10	2020-04-23	2020-05-01	4084	615
25014	Rosario	6	5	2	2020-04-06	2020-05-01	2020-06-16	2020-07-06	153	26
25015	Salvador Alvarado	25	9	5	2020-03-26	2020-04-22	2020-05-14	2020-05-24	799	140
25018	Navolato	16	7	6	2020-03-25	2020-04-08	2020-05-05	2020-04-22	1402	274
26002	Agua Prieta	45	7	5	2020-04-08	2020-05-13	2020-05-28	2020-06-11	878	83
26017	Caborca	44	4	4	2020-02-27	2020-04-06	2020-05-18	2020-05-31	1655	96
26018	Cajeme	96	24	19	2020-03-24	2020-04-07	2020-05-04	2020-05-17	15555	1914
26019	Cananea	41	8	3	2020-05-01	2020-06-03	2020-06-09	2020-07-08	1145	30
26025	Empalme	50	5	3	2020-05-13	2020-05-31	2020-06-22	2020-06-27	645	63
26029	Guaymas	44	13	7	2020-03-21	2020-04-21	2020-05-20	2020-06-07	1985	221
26030	Hermosillo	325	46	24	2020-03-15	2020-04-09	2020-04-22	2020-05-19	18810	1049
26033	Huatabampo	16	4	3	2020-04-02	2020-04-08	2020-06-10	2020-06-21	792	75
26036	Magdalena	11	3	2	2020-03-24	2020-03-30	2020-06-10	2020-06-18	359	26
26042	Navojoa	32	8	5	2020-03-20	2020-05-07	2020-05-13	2020-05-26	1860	156
26043	Nogales	60	18	11	2020-03-27	2020-04-05	2020-05-06	2020-05-18	2926	285
26048	Puerto Peñasco	36	4	2	2020-04-14	2020-05-22	2020-07-06	2020-07-27	284	41
26055	San Luis Río Colorado	35	8	7	2020-03-23	2020-04-05	2020-04-13	2020-04-23	2174	279
26070	General Plutarco Elías Calles	5	2	2	2020-04-17	2020-05-19	2020-07-07	2020-07-22	110	11
26071	Benito Juárez	9	2	2	2020-05-13	2020-05-17	2020-08-03	2020-07-01	115	25
27002	Cárdenas	33	11	6	2020-03-17	2020-04-01	2020-04-23	2020-04-30	2244	215
27003	Centla	17	5	4	2020-04-01	2020-04-14	2020-05-17	2020-05-21	770	83
27004	Centro	223	31	20	2020-03-18	2020-03-31	2020-03-31	2020-04-13	17401	1303
27005	Comalcalco	28	10	6	2020-03-18	2020-04-08	2020-04-29	2020-05-02	1341	221
27006	Cunduacán	31	3	4	2020-04-12	2020-04-25	2020-05-08	2020-05-26	1415	87
27007	Emiliano Zapata	21	2	3	2020-03-26	2020-05-15	2020-06-08	2020-06-29	482	45
27008	Huimanguillo	25	9	4	2020-03-29	2020-04-13	2020-05-11	2020-05-05	1860	262
27010	Jalpa de Méndez	26	4	5	2020-03-25	2020-04-17	2020-05-06	2020-05-26	1562	106
27012	Macuspana	42	6	5	2020-04-08	2020-04-20	2020-05-05	2020-05-04	3906	374
27013	Nacajuca	48	8	6	2020-03-27	2020-04-19	2020-04-21	2020-05-03	3000	199
27014	Paraíso	28	8	4	2020-03-30	2020-04-01	2020-04-28	2020-05-10	1019	127
27016	Teapa	20	5	5	2020-04-13	2020-04-25	2020-05-22	2020-05-24	653	105
27017	Tenosique	32	3	5	2020-03-31	2020-05-08	2020-05-22	2020-06-16	1082	67
28003	Altamira	48	8	8	2020-03-15	2020-05-21	2020-05-16	2020-06-22	2692	183
28009	Ciudad Madero	53	13	7	2020-03-19	2020-04-24	2020-04-24	2020-05-30	3155	221
28021	El Mante	28	10	4	2020-03-29	2020-04-23	2020-06-05	2020-06-29	1175	92
28022	Matamoros	111	22	9	2020-03-20	2020-04-17	2020-04-17	2020-05-07	5651	406
28025	Miguel Alemán	21	3	3	2020-05-21	2020-06-30	2020-07-09	2020-08-09	338	24
28027	Nuevo Laredo	62	14	10	2020-03-27	2020-04-04	2020-04-30	2020-05-13	2681	349
28032	Reynosa	179	29	22	2020-03-16	2020-04-03	2020-05-02	2020-05-24	5605	726
28033	Río Bravo	24	6	3	2020-03-30	2020-04-20	2020-05-25	2020-06-17	727	80
28035	San Fernando	20	4	2	2020-05-16	2020-05-28	2020-07-01	2020-07-30	440	22
28038	Tampico	82	15	9	2020-03-22	2020-04-14	2020-04-23	2020-05-21	5428	459
28040	Valle Hermoso	16	3	1	2020-04-28	2020-06-03	2020-06-22	2020-08-04	489	22
28041	Victoria	67	10	5	2020-03-23	2020-04-23	2020-04-23	2020-05-30	4424	192
29001	Amaxac de Guerrero	4	2	2	2020-04-14	2020-05-26	2020-07-21	2020-08-01	105	14
29002	Apetatitlán de Antonio Carvajal	9	3	2	2020-04-14	2020-05-29	2020-06-25	2020-07-03	166	23
29005	Apizaco	15	6	4	2020-03-28	2020-04-12	2020-05-18	2020-05-24	976	109
29006	Calpulalpan	7	4	2	2020-04-22	2020-05-02	2020-06-18	2020-06-08	239	49
29010	Chiautempan	13	5	6	2020-04-12	2020-04-21	2020-05-24	2020-06-02	604	105
29013	Huamantla	14	8	3	2020-04-01	2020-04-12	2020-05-29	2020-06-03	497	63
29015	Ixtacuixtla de Mariano Matamoros	6	2	2	2020-04-25	2020-05-12	2020-06-27	2020-07-06	226	39
29018	Contla de Juan Cuamatzi	8	3	3	2020-04-16	2020-05-01	2020-06-08	2020-06-07	299	57
29019	Tepetitla de Lardizábal	4	2	1	2020-04-26	2020-04-27	2020-08-17	2020-07-15	76	17
29023	Natívitas	4	3	2	2020-04-16	2020-04-23	2020-07-07	2020-07-11	117	25
29024	Panotla	5	2	2	2020-04-07	2020-05-21	2020-06-29	2020-07-22	166	17
29025	San Pablo del Monte	7	3	3	2020-04-10	2020-04-19	2020-05-28	2020-05-20	252	55
29026	Santa Cruz Tlaxcala	7	2	2	2020-03-27	2020-05-05	2020-07-01	2020-07-03	154	23
29027	Tenancingo	3	3	2	2020-04-18	2020-04-29	2020-08-03	2020-07-14	68	19
29028	Teolocholco	6	3	2	2020-04-04	2020-04-24	2020-07-13	2020-07-14	119	21
29029	Tepeyanco	4	1	1	2020-03-28	2020-04-21	2020-07-23	2020-08-22	111	13
29031	Tetla de la Solidaridad	9	4	1	2020-04-07	2020-05-04	2020-07-03	2020-07-22	186	18
29032	Tetlatlahuca	4	2	1	2020-05-02	2020-07-07	2020-08-25	2020-10-11	68	12
29033	Tlaxcala	24	7	6	2020-03-23	2020-04-26	2020-05-08	2020-05-24	1611	184
29034	Tlaxco	11	2	2	2020-04-16	2020-04-17	2020-07-02	2020-06-27	200	18
29036	Totolac	5	3	2	2020-04-05	2020-05-29	2020-06-19	2020-07-14	204	30
29039	Xaloztoc	5	3	3	2020-04-01	2020-05-13	2020-07-15	2020-07-09	130	23
29041	Papalotla de Xicohténcatl	5	2	2	2020-04-05	2020-04-28	2020-06-22	2020-06-18	167	43
29043	Yauhquemehcan	8	2	1	2020-04-06	2020-04-12	2020-06-06	2020-08-04	261	20
29044	Zacatelco	9	3	2	2020-03-24	2020-04-14	2020-05-22	2020-05-28	439	67
29048	La Magdalena Tlaltelulco	4	2	2	2020-05-07	2020-05-11	2020-07-15	2020-07-21	89	18
30003	Acayucan	6	5	2	2020-04-23	2020-05-02	2020-06-17	2020-06-21	163	34
30010	Altotonga	3	2	2	2020-05-27	2020-06-09	2020-10-02	2020-08-09	59	19
30011	Alvarado	10	3	2	2020-04-03	2020-04-09	2020-06-14	2020-06-27	308	29
30014	Amatlán de los Reyes	5	4	1	2020-04-07	2020-05-29	2020-06-29	2020-09-02	145	14
30016	La Antigua	17	4	4	2020-03-31	2020-05-17	2020-06-14	2020-07-01	548	48
30026	Banderilla	3	2	2	2020-05-11	2020-06-30	2020-08-14	2020-08-22	72	13
30028	Boca del Río	18	6	4	2020-03-15	2020-04-18	2020-04-27	2020-05-14	965	124
30030	Camerino Z. Mendoza	9	3	2	2020-05-01	2020-05-02	2020-07-09	2020-09-22	294	19
30032	Catemaco	5	4	2	2020-04-27	2020-04-29	2020-07-26	2020-07-07	64	17
30038	Coatepec	10	6	2	2020-04-12	2020-05-06	2020-06-26	2020-06-22	268	60
30039	Coatzacoalcos	37	20	11	2020-03-19	2020-04-13	2020-04-24	2020-04-26	2239	473
30040	Coatzintla	7	4	2	2020-04-23	2020-04-25	2020-05-29	2020-06-06	301	47
30044	Córdoba	50	12	6	2020-04-01	2020-05-05	2020-05-18	2020-05-22	2105	192
30045	Cosamaloapan de Carpio	40	4	2	2020-04-11	2020-05-16	2020-05-28	2020-06-17	816	54
30048	Cosoleacaque	11	7	4	2020-04-15	2020-04-29	2020-05-21	2020-05-20	416	91
30061	Las Choapas	7	6	3	2020-04-25	2020-05-04	2020-06-12	2020-06-06	212	47
30065	Emiliano Zapata	6	3	2	2020-04-01	2020-04-01	2020-07-01	2020-07-17	200	27
30068	Fortín	18	3	2	2020-03-26	2020-04-26	2020-06-04	2020-06-27	632	31
30085	Ixtaczoquitlán	13	2	2	2020-03-18	2020-05-11	2020-06-23	2020-07-27	546	25
30087	Xalapa	50	23	10	2020-03-23	2020-05-05	2020-05-21	2020-05-31	2517	383
30089	Jáltipan	6	4	2	2020-04-17	2020-04-30	2020-06-17	2020-06-16	132	37
30092	Xico	3	1	2	2020-04-22	2020-04-22	2020-09-01	2020-07-26	60	15
30097	Lerdo de Tejada	6	4	3	2020-04-21	2020-05-05	2020-07-09	2020-07-12	129	26
30100	Manlio Fabio Altamirano	4	2	1	2020-05-02	2020-05-10	2020-07-24	2020-06-22	77	18
30101	Mariano Escobedo	10	3	3	2020-04-21	2020-05-04	2020-07-07	2020-07-24	290	29
30102	Martínez de la Torre	16	8	4	2020-04-03	2020-04-12	2020-06-04	2020-06-12	508	71
30105	Medellín de Bravo	9	5	2	2020-04-10	2020-04-25	2020-05-22	2020-06-01	418	53
30108	Minatitlán	20	9	5	2020-04-14	2020-04-22	2020-05-06	2020-05-11	1140	211
30109	Misantla	5	3	2	2020-04-20	2020-04-27	2020-07-22	2020-07-27	101	14
30115	Nogales	14	2	1	2020-04-16	2020-04-23	2020-07-02	2020-07-30	436	23
30118	Orizaba	57	9	5	2020-04-16	2020-04-22	2020-05-26	2020-06-04	2289	119
30123	Pánuco	20	3	2	2020-04-15	2020-04-19	2020-06-29	2020-07-07	596	37
30124	Papantla	11	6	4	2020-04-15	2020-05-10	2020-05-22	2020-05-21	443	92
30128	Perote	9	5	2	2020-03-30	2020-04-22	2020-06-17	2020-06-10	231	49
30131	Poza Rica de Hidalgo	36	11	8	2020-03-24	2020-04-03	2020-04-27	2020-05-02	2001	310
30133	Pueblo Viejo	5	2	1	2020-04-30	2020-05-19	2020-07-21	2020-07-30	117	18
30134	Puente Nacional	5	2	2	2020-04-17	2020-05-27	2020-07-15	2020-08-02	149	19
30138	Río Blanco	14	3	2	2020-04-02	2020-05-27	2020-06-17	2020-08-02	654	35
30141	San Andrés Tuxtla	12	10	6	2020-04-09	2020-04-29	2020-06-03	2020-06-02	397	101
30143	Santiago Tuxtla	5	4	3	2020-04-03	2020-05-09	2020-07-01	2020-06-29	88	24
30155	Tantoyuca	5	3	1	2020-03-30	2020-05-24	2020-08-07	2020-08-25	83	15
30160	Álamo Temapache	5	3	2	2020-04-28	2020-05-25	2020-07-06	2020-07-26	154	26
30174	Tierra Blanca	26	4	3	2020-04-19	2020-04-28	2020-06-10	2020-06-14	321	50
30175	Tihuatlán	6	3	2	2020-04-23	2020-04-27	2020-06-18	2020-05-21	252	58
30183	Tlapacoyan	5	4	2	2020-05-12	2020-05-21	2020-07-19	2020-07-12	162	52
30189	Tuxpan	19	9	5	2020-04-04	2020-05-12	2020-05-17	2020-05-31	1180	130
30193	Veracruz	95	33	18	2020-03-15	2020-04-12	2020-04-13	2020-04-25	8533	1073
30204	Agua Dulce	9	6	3	2020-04-15	2020-04-29	2020-06-18	2020-06-12	170	60
30206	Nanchital de Lázaro Cárdenas del Río	9	8	3	2020-04-02	2020-05-02	2020-06-09	2020-05-30	185	55
30207	Tres Valles	12	4	2	2020-04-13	2020-05-01	2020-07-02	2020-07-21	225	26
30208	Carlos A. Carrillo	7	3	2	2020-04-16	2020-05-18	2020-07-03	2020-07-25	148	22
31002	Acanceh	4	4	2	2020-04-21	2020-05-17	2020-07-13	2020-06-16	88	38
31013	Conkal	4	2	1	2020-04-13	2020-05-05	2020-09-12	2020-10-05	69	12
31038	Hunucmá	4	2	2	2020-04-11	2020-04-21	2020-06-06	2020-06-28	172	31
31040	Izamal	4	3	2	2020-04-07	2020-04-10	2020-07-10	2020-07-20	139	37
31041	Kanasín	12	3	3	2020-03-31	2020-04-07	2020-05-16	2020-06-06	549	65
31050	Mérida	225	36	21	2020-03-12	2020-04-03	2020-03-29	2020-04-20	13447	1062
31052	Motul	9	3	3	2020-04-14	2020-05-07	2020-07-11	2020-07-09	180	48
31056	Oxkutzcab	12	5	2	2020-05-05	2020-05-27	2020-07-28	2020-08-12	92	15
31059	Progreso	23	3	2	2020-04-07	2020-05-05	2020-06-25	2020-07-13	515	41
31079	Tekax	15	1	1	2020-04-12	2020-04-23	2020-06-11	2020-07-06	420	16
31089	Ticul	26	4	4	2020-04-03	2020-05-20	2020-06-09	2020-07-04	760	32
31093	Tixkokob	3	2	1	2020-04-26	2020-05-14	2020-08-09	2020-07-31	72	16
31096	Tizimín	27	4	2	2020-04-05	2020-06-24	2020-06-22	2020-08-13	855	35
31101	Umán	20	5	4	2020-03-28	2020-04-07	2020-05-14	2020-06-01	575	77
31102	Valladolid	40	7	3	2020-03-22	2020-04-10	2020-05-16	2020-07-03	1807	32
32005	Calera	5	3	2	2020-05-13	2020-06-15	2020-07-12	2020-07-25	246	40
32010	Fresnillo	60	10	5	2020-04-05	2020-04-29	2020-06-01	2020-06-09	2498	210
32017	Guadalupe	61	10	5	2020-03-16	2020-03-31	2020-05-29	2020-07-10	3188	175
32020	Jerez	20	5	3	2020-03-27	2020-04-04	2020-07-17	2020-07-19	359	55
32024	Loreto	8	3	1	2020-04-23	2020-05-02	2020-07-20	2020-08-11	208	20
32029	Miguel Auza	7	2	1	2020-04-28	2020-07-12	2020-10-14	2020-11-09	73	11
32032	Morelos	6	2	2	2020-05-06	2020-05-23	2020-08-18	2020-09-17	143	14
32034	Nochistlán de Mejía	17	2	2	2020-05-04	2020-07-15	2020-08-06	2020-10-06	221	11
32036	Ojocaliente	9	2	2	2020-04-21	2020-04-27	2020-07-26	2020-08-29	195	20
32039	Río Grande	8	5	2	2020-04-29	2020-05-10	2020-07-10	2020-07-17	335	47
32042	Sombrerete	26	2	1	2020-03-20	2020-05-17	2020-07-31	2020-08-30	489	25
32050	Vetagrande	3	3	2	2020-07-07	2020-07-14	2020-11-04	2020-10-14	51	12
32056	Zacatecas	66	13	5	2020-03-24	2020-05-02	2020-05-22	2020-06-20	3424	234
32057	Trancoso	6	3	2	2020-04-20	2020-07-10	2020-09-01	2020-09-12	131	22
